gu,amt,revisit_rate
동구,5411900000,0.467616
연수구,5323700000,0.414581
미추홀구,6167200000,0.439211
서구,2478400000,0.40463
남동구,4252700000,0.387918
부평구,6038600000,0.429025
중구,5326000000,0.331635
옹진군,129810000,0.326077
계양구,3366000000,0.373919
강화군,223190000,0.26805
